prenedo;Pedro;Renedo Fernandez;Administrador;prenedo@administrador.es;prene
lalonso;Laura;Alonso Renedo;Evaluador;l.alonso@evaluador.es;lau
eblanco;Elena;Blanco Alonso;Evaluador;e.blanco@evaluador.es;passwd2
aperez;Antonio;Perez de Frutos;Aspirante;a.perez@aspirante.es;passwd3
lalvarez;Lucia;Alvarez Santaolalla;Aspirante;l.alvarez@aspirante.es;passwd4
celizari;Carmen;Elizari Cuasante;Aspirante;c.elizari@aspirante.es;passwd5
alopez;Alberto;Lopez Marijuan;Aspirante;a.lopez@aspirante.es;passwd6
emodron;Emilia;Modron Alonso;Aspirante;e.modron@aspirante.es;passwd7
mdelgado;Maria del Mar;Delgado Benito;Aspirante;m.delgado@aspirante.es;passwd8
omartinez;Oscar;Martinez Ezquerro;Aspirante;o.martinez@aspirante.es;passwd9
pcuesta;Pedro Luis;Cuesta Martin;Aspirante;p.cuesta@aspirante.es;passwd10
crubio;Consuelo;Rubio Abad;Aspirante;c.rubio@aspirante.es;passwd11
